2019-05-03T07:06:27.863Z, NUMPAD5
2019-05-03T07:06:41.289Z, NUMPAD2
2019-05-03T07:06:48.341Z, NUMPAD5
2019-05-03T07:06:53.979Z, NUMPAD4
2019-05-03T07:07:11.137Z, NUMPAD2
2019-05-03T07:07:19.126Z, NUMPAD2
2019-05-03T07:07:28.073Z, NUMPAD5
2019-05-03T07:07:37.112Z, NUMPAD2
2019-05-03T07:07:44.808Z, NUMPAD2
2019-05-03T07:07:52.815Z, NUMPAD3
2019-05-03T07:08:01.289Z, NUMPAD4
2019-05-03T07:08:10.197Z, NUMPAD2
2019-05-03T07:08:19.385Z, NUMPAD4
2019-05-03T07:08:27.725Z, NUMPAD6
2019-05-03T07:08:49.430Z, NUMPAD5
2019-05-03T07:08:56.120Z, NUMPAD4
2019-05-03T07:09:06.917Z, NUMPAD5
2019-05-03T07:09:13.672Z, NUMPAD4
2019-05-03T07:09:23.411Z, NUMPAD2
2019-05-03T07:09:31.090Z, NUMPAD4
2019-05-03T07:09:39.847Z, NUMPAD6
2019-05-03T07:09:50.823Z, NUMPAD6
2019-05-03T07:09:59.606Z, NUMPAD2
2019-05-03T07:10:08.470Z, NUMPAD6
2019-05-03T07:10:17.517Z, NUMPAD3
2019-05-03T07:10:23.755Z, NUMPAD6
2019-05-03T07:10:34.523Z, NUMPAD4
2019-05-03T07:10:43.752Z, NUMPAD6
2019-05-03T07:10:51.994Z, NUMPAD4
2019-05-03T07:11:05.153Z, NUMPAD5
2019-05-03T07:11:12.166Z, NUMPAD2
2019-05-03T07:11:24.337Z, NUMPAD5
2019-05-03T07:11:32.328Z, NUMPAD5
2019-05-03T07:11:38.380Z, NUMPAD4
2019-05-03T07:11:46.741Z, NUMPAD3
2019-05-03T07:11:55.439Z, NUMPAD2
2019-05-03T07:12:04.166Z, NUMPAD4
2019-05-03T07:12:13.399Z, NUMPAD2
2019-05-03T07:12:26.301Z, NUMPAD5
2019-05-03T07:12:34.302Z, NUMPAD5
2019-05-03T07:12:41.420Z, NUMPAD3
2019-05-03T07:12:51.469Z, NUMPAD5
2019-05-03T07:12:58.906Z, NUMPAD4
2019-05-03T07:13:07.602Z, NUMPAD3
2019-05-03T07:13:16.796Z, NUMPAD6
2019-05-03T07:13:25.633Z, NUMPAD5
2019-05-03T07:13:33.896Z, NUMPAD4
2019-05-03T07:13:46.123Z, NUMPAD5
2019-05-03T07:13:53.571Z, NUMPAD2
2019-05-03T07:14:02.384Z, NUMPAD4
2019-05-03T07:14:12.934Z, NUMPAD6
2019-05-03T07:14:20.351Z, NUMPAD3
2019-05-03T07:14:28.552Z, NUMPAD3
2019-05-03T07:14:37.342Z, NUMPAD3
2019-05-03T07:14:46.055Z, NUMPAD6
2019-05-03T07:14:54.829Z, NUMPAD5
2019-05-03T07:15:04.033Z, NUMPAD2
2019-05-03T07:15:12.333Z, NUMPAD2
2019-05-03T07:15:21.021Z, NUMPAD3
2019-05-03T07:15:33.320Z, NUMPAD3
2019-05-03T07:15:50.036Z, NUMPAD6
2019-05-03T07:16:06.951Z, NUMPAD6
2019-05-03T07:16:16.144Z, NUMPAD3
2019-05-03T07:16:26.472Z, NUMPAD2
2019-05-03T07:16:35.294Z, NUMPAD5
2019-05-03T07:16:42.574Z, NUMPAD5
2019-05-03T07:16:50.869Z, NUMPAD2
2019-05-03T07:17:01.726Z, NUMPAD4
2019-05-03T07:17:10.433Z, NUMPAD5
2019-05-03T07:17:19.678Z, NUMPAD5
2019-05-03T07:17:28.019Z, NUMPAD6
2019-05-03T07:17:50.827Z, NUMPAD3
2019-05-03T07:17:58.339Z, NUMPAD2
2019-05-03T07:18:03.456Z, NUMPAD2
2019-05-03T07:18:13.905Z, NUMPAD6
2019-05-03T07:18:23.172Z, NUMPAD3
2019-05-03T07:18:31.809Z, NUMPAD6
2019-05-03T07:18:40.027Z, NUMPAD4
2019-05-03T07:18:48.902Z, NUMPAD4
2019-05-03T07:18:57.576Z, NUMPAD4
2019-05-03T07:19:06.364Z, NUMPAD6
2019-05-03T07:19:15.130Z, NUMPAD3
2019-05-03T07:19:26.159Z, NUMPAD4
2019-05-03T07:19:34.907Z, NUMPAD4
2019-05-03T07:19:43.546Z, NUMPAD6
2019-05-03T07:19:52.310Z, NUMPAD6
2019-05-03T07:20:03.786Z, NUMPAD6
2019-05-03T07:20:12.015Z, NUMPAD4
2019-05-03T07:20:20.733Z, NUMPAD4
2019-05-03T07:20:29.583Z, NUMPAD4
2019-05-03T07:20:47.004Z, NUMPAD4
2019-05-03T07:21:04.522Z, NUMPAD5
2019-05-03T07:21:32.966Z, NUMPAD3
2019-05-03T07:21:41.645Z, NUMPAD3
2019-05-03T07:21:50.396Z, NUMPAD3
2019-05-03T07:22:06.084Z, NUMPAD4
2019-05-03T07:23:11.350Z, NUMPAD3
2019-05-03T07:23:20.129Z, NUMPAD5
2019-05-03T07:23:28.913Z, NUMPAD4
2019-05-03T07:23:38.057Z, NUMPAD3
2019-05-03T07:23:55.531Z, NUMPAD2
2019-05-03T07:24:12.589Z, NUMPAD2
2019-05-03T07:24:21.451Z, NUMPAD4
2019-05-03T07:24:30.078Z, NUMPAD5
2019-05-03T07:24:47.645Z, NUMPAD6
2019-05-03T07:24:58.684Z, NUMPAD5
2019-05-03T07:25:07.839Z, NUMPAD6
2019-05-03T07:25:33.525Z, NUMPAD5
2019-05-03T07:25:42.313Z, NUMPAD4
2019-05-03T07:25:50.971Z, NUMPAD6
2019-05-03T07:26:00.323Z, NUMPAD4
2019-05-03T07:26:10.780Z, NUMPAD5
2019-05-03T07:26:19.924Z, NUMPAD3
2019-05-03T07:26:28.205Z, NUMPAD4
2019-05-03T07:26:37.114Z, NUMPAD6
2019-05-03T07:26:46.228Z, NUMPAD2
2019-05-03T07:26:54.977Z, NUMPAD5
2019-05-03T07:27:03.255Z, NUMPAD6
2019-05-03T07:27:32.082Z, NUMPAD3
2019-05-03T07:27:40.599Z, NUMPAD6
2019-05-03T07:27:49.577Z, NUMPAD2
2019-05-03T07:27:57.887Z, NUMPAD2
2019-05-03T07:28:06.573Z, NUMPAD3
2019-05-03T07:28:15.902Z, NUMPAD6
2019-05-03T07:28:24.108Z, NUMPAD4
2019-05-03T07:28:33.391Z, NUMPAD4
2019-05-03T07:28:41.621Z, NUMPAD6
2019-05-03T07:28:50.394Z, NUMPAD3
2019-05-03T07:28:59.112Z, NUMPAD4
2019-05-03T07:29:08.392Z, NUMPAD2
2019-05-03T07:29:16.540Z, NUMPAD3
2019-05-03T07:29:25.373Z, NUMPAD2
2019-05-03T07:29:34.568Z, NUMPAD3
2019-05-03T07:29:43.335Z, NUMPAD6
2019-05-03T07:29:53.829Z, NUMPAD4
2019-05-03T07:30:02.609Z, NUMPAD4
2019-05-03T07:30:20.527Z, NUMPAD4
2019-05-03T07:30:37.595Z, NUMPAD4
2019-05-03T07:30:55.074Z, NUMPAD3
2019-05-03T07:31:03.791Z, NUMPAD4
2019-05-03T07:31:13.023Z, NUMPAD2
2019-05-03T07:31:32.843Z, NUMPAD5
2019-05-03T07:31:42.646Z, NUMPAD5
2019-05-03T07:31:49.793Z, NUMPAD5
2019-05-03T07:31:59.090Z, NUMPAD4
2019-05-03T07:32:07.282Z, NUMPAD5
2019-05-03T07:32:18.460Z, NUMPAD5
2019-05-03T07:32:27.328Z, NUMPAD4
2019-05-03T07:32:35.685Z, NUMPAD3
2019-05-03T07:32:44.494Z, NUMPAD4
2019-05-03T07:32:53.179Z, NUMPAD6
2019-05-03T07:33:02Z, NUMPAD4
2019-05-03T07:33:10.608Z, NUMPAD3
2019-05-03T07:33:19.450Z, NUMPAD4
2019-05-03T07:33:28.636Z, NUMPAD6
2019-05-03T07:33:37.013Z, NUMPAD5
2019-05-03T07:33:47.848Z, NUMPAD6
2019-05-03T07:33:56.595Z, NUMPAD2
2019-05-03T07:34:05.474Z, NUMPAD2
2019-05-03T07:34:14.105Z, NUMPAD3
2019-05-03T07:34:23.398Z, NUMPAD2
2019-05-03T07:34:31.717Z, NUMPAD2
2019-05-03T07:34:40.843Z, NUMPAD3
2019-05-03T07:34:49.211Z, NUMPAD4
2019-05-03T07:34:58.528Z, NUMPAD4
2019-05-03T07:35:06.693Z, NUMPAD5
2019-05-03T07:35:18.367Z, NUMPAD5
2019-05-03T07:35:26.396Z, NUMPAD3
2019-05-03T07:35:35.668Z, NUMPAD3
2019-05-03T07:35:43.954Z, NUMPAD2
2019-05-03T07:35:52.712Z, NUMPAD6
2019-05-03T07:36:04.068Z, NUMPAD2
2019-05-03T07:36:10.174Z, NUMPAD2
2019-05-03T07:36:19.449Z, NUMPAD6
2019-05-03T07:36:28.182Z, NUMPAD3
2019-05-03T07:36:36.473Z, NUMPAD4
2019-05-03T07:36:45.710Z, NUMPAD5
2019-05-03T07:36:53.871Z, NUMPAD6
2019-05-03T07:37:02.723Z, NUMPAD3
2019-05-03T07:37:13.625Z, NUMPAD4
2019-05-03T07:37:22.401Z, NUMPAD3
2019-05-03T07:37:40.079Z, NUMPAD6
2019-05-03T07:37:48.767Z, NUMPAD5
2019-05-03T07:38:00.016Z, NUMPAD5
2019-05-03T07:39:20.614Z, NUMPAD5
2019-05-03T07:39:27.211Z, NUMPAD4
2019-05-03T07:39:35.829Z, NUMPAD5
2019-05-03T07:39:44.970Z, NUMPAD3
2019-05-03T07:39:53.738Z, NUMPAD4
2019-05-03T07:40:02.102Z, NUMPAD4
2019-05-03T07:40:12.572Z, NUMPAD2
2019-05-03T07:40:20.084Z, NUMPAD5
2019-05-03T07:40:28.713Z, NUMPAD4
2019-05-03T07:40:37.062Z, NUMPAD5
2019-05-03T07:40:49.075Z, NUMPAD5
2019-05-03T07:40:54.495Z, NUMPAD2
2019-05-03T07:41:06.043Z, NUMPAD4
2019-05-03T07:41:14.245Z, NUMPAD3
2019-05-03T07:41:23.436Z, NUMPAD3
2019-05-03T07:41:31.743Z, NUMPAD6
2019-05-03T07:41:40.467Z, NUMPAD4
2019-05-03T07:41:49.646Z, NUMPAD2
2019-05-03T07:42:00.289Z, NUMPAD2
2019-05-03T07:42:06.659Z, NUMPAD6
2019-05-03T07:42:18.960Z, NUMPAD5
2019-05-03T07:42:26.911Z, NUMPAD2
2019-05-03T07:42:35.615Z, NUMPAD3
2019-05-03T07:42:44.555Z, NUMPAD6
2019-05-03T07:42:53.190Z, NUMPAD6
2019-05-03T07:43:01.544Z, NUMPAD4
2019-05-03T07:43:10.167Z, NUMPAD4
2019-05-03T07:43:18.866Z, NUMPAD3
2019-05-03T07:43:27.972Z, NUMPAD4
2019-05-03T07:43:36.311Z, NUMPAD3
2019-05-03T07:43:45.128Z, NUMPAD4
2019-05-03T07:43:53.823Z, NUMPAD4
2019-05-03T07:44:09.729Z, NUMPAD3
2019-05-03T07:44:22.730Z, NUMPAD3
2019-05-03T07:44:31.045Z, NUMPAD3
2019-05-03T07:44:48.480Z, NUMPAD3
2019-05-03T07:44:57.345Z, NUMPAD6
2019-05-03T07:45:06.041Z, NUMPAD6
2019-05-03T07:45:15.136Z, NUMPAD3
2019-05-03T07:45:32.341Z, NUMPAD2
2019-05-03T07:45:41.649Z, NUMPAD3
2019-05-03T07:45:49.808Z, NUMPAD6
2019-05-03T07:45:58.829Z, NUMPAD4
2019-05-03T07:46:09.557Z, NUMPAD5
2019-05-03T07:46:18.278Z, NUMPAD5
2019-05-03T07:46:35.714Z, NUMPAD4
2019-05-03T07:46:45.006Z, NUMPAD5
2019-05-03T07:47:10.690Z, NUMPAD3
2019-05-03T07:47:19.517Z, NUMPAD4
2019-05-03T07:47:37.012Z, NUMPAD6
2019-05-03T07:47:45.726Z, NUMPAD4
2019-05-03T07:48:06.467Z, NUMPAD3
2019-05-03T07:48:14.560Z, NUMPAD4
2019-05-03T07:48:23.038Z, NUMPAD5
2019-05-03T07:48:35.250Z, NUMPAD2
2019-05-03T07:48:43.307Z, NUMPAD5
2019-05-03T07:48:49.602Z, NUMPAD4
2019-05-03T07:48:57.953Z, NUMPAD6
2019-05-03T07:49:06.663Z, NUMPAD6
2019-05-03T07:49:19.250Z, NUMPAD3
2019-05-03T07:49:27.553Z, NUMPAD3
2019-05-03T07:49:35.808Z, NUMPAD5
2019-05-03T07:49:44.402Z, NUMPAD6
2019-05-03T07:49:55.575Z, NUMPAD2
2019-05-03T07:50:01.843Z, NUMPAD4
2019-05-03T07:50:10.577Z, NUMPAD5
2019-05-03T07:50:19.266Z, NUMPAD3
2019-05-03T07:50:36.351Z, NUMPAD3
2019-05-03T07:50:45.602Z, NUMPAD4
2019-05-03T07:50:51.869Z, NUMPAD6
2019-05-03T07:51:03.038Z, NUMPAD2
2019-05-03T07:51:11.422Z, NUMPAD5
2019-05-03T07:51:31.306Z, NUMPAD5
2019-05-03T07:51:39.703Z, NUMPAD6
2019-05-03T07:51:48.956Z, NUMPAD3
2019-05-03T07:51:57.704Z, NUMPAD2
2019-05-03T07:52:06.025Z, NUMPAD4
2019-05-03T07:52:23.587Z, NUMPAD3
2019-05-03T07:52:32.914Z, NUMPAD6
2019-05-03T07:52:41.112Z, NUMPAD5
2019-05-03T07:52:49.812Z, NUMPAD2
2019-05-03T07:52:59.017Z, NUMPAD6
2019-05-03T07:53:09.858Z, NUMPAD2
2019-05-03T07:53:16.438Z, NUMPAD2
2019-05-03T07:53:28.521Z, NUMPAD2
2019-05-03T07:53:33.529Z, NUMPAD4
2019-05-03T07:53:42.709Z, NUMPAD6
2019-05-03T07:53:51.009Z, NUMPAD4
2019-05-03T07:54:00.262Z, NUMPAD5
